1390/09/01,399018156.84
1390/09/02,397958026.79
1390/09/03,397662877.02
1390/09/04,397487282.88
1390/09/05,395659343.38
1390/09/06,395602436.88
1390/09/07,397544096.37
1390/09/08,396406773.59
1390/09/09,393610285.51
1390/09/10,393170936.64
1390/09/11,393012896.72
1390/09/12,393493628.65
1390/09/13,397691856.50
1390/09/14,397400064.54
1390/09/15,397255868.46
1390/09/16,394880112.97
1390/09/17,396065161.16
1390/09/18,395873939.65
1390/09/19,395421770.51
1390/09/20,393932631.55
1390/09/21,393541679.68
1390/09/22,393655955.42
1390/09/23,395214205.30
1390/09/24,396485021.82
1390/09/25,396387256.73
1390/09/26,395615252.06
1390/09/27,397864083.87
1390/09/28,398690764.63
1390/09/29,320996.28
1390/09/30,411625881.02
1390/10/01,406862966.77
1390/10/02,406800629.50
1390/10/03,404424457.03
1390/10/04,399648330.13
1390/10/05,397590304.83
1390/10/06,398990745.69
1390/10/07,399083967.06
1390/10/08,400664291.31
1390/10/09,400614957.79
1390/10/10,399249774.74
1390/10/11,403647519.55
1390/10/12,401108109.81
1390/10/13,411502806.63
1390/10/14,407697349.98
1390/10/15,405712631.62
1390/10/16,405655157.33
1390/10/17,406084860.66
1390/10/18,403558347.83
1390/10/19,404336127.42
1390/10/20,404370145.44
1390/10/21,405226350.32
1390/10/22,407230733.93
1390/10/23,407245592.07
1390/10/24,407232639.13
1390/10/25,406182546.96
1390/10/26,408211958.43
1390/10/27,410831884.02
1390/10/28,410714668.52
1390/10/29,415049867.49
1390/10/30,414992767.92
1390/11/01,411130625.19
1390/11/02,411123399.67
1390/11/03,408184146.47
1390/11/04,408165802.27
1390/11/05,406063483.65
1390/11/06,407777128.26
1390/11/07,407692480.16
1390/11/08,406984917.37
1390/11/09,407916515.10
1390/11/10,409078041.29
1390/11/11,412434819.46
1390/11/12,411433795.42
1390/11/13,411163275.81
1390/11/14,411265461.23
1390/11/15,412095344.64
1390/11/16,412181119.43
1390/11/17,411975049.32
1390/11/18,416512595.98
1390/11/19,414931905.54
1390/11/20,414332484.98
1390/11/21,414748182.92
1390/11/22,414731866.37
1390/11/23,414457627.41
1390/11/24,417413733.36
1390/11/25,417167930.13
1390/11/26,417200071.57
1390/11/27,419492929.99
1390/11/28,419451333.80
1390/11/29,419648621.44
1390/11/30,423196802.50
1390/12/01,418611795.96
1390/12/02,418759604.22
1390/12/03,418115921.40
1390/12/04,418237662.22
1390/12/05,418280546.72
1390/12/06,416772870.00
1390/12/07,417991018.73
1390/12/08,418082580.98
1390/12/09,418889694.16
1390/12/10,415544607.09
1390/12/11,419227119.39
1390/12/12,419253442.17
1390/12/13,418248450.86
1390/12/14,416232657.14
1390/12/15,414944047.62
1390/12/16,418446864.15
1390/12/17,421652764.80
1390/12/18,420408109.05
1390/12/19,420571183.68
1390/12/20,421471793.32
1390/12/21,423906030.68
1390/12/22,422494746.89
1390/12/23,423139804.47
1390/12/24,424606271.50
1390/12/25,422941957.46
1390/12/26,423119131.11
1390/12/27,421918234.72
1390/12/28,431236163.91
1390/12/29,430828626.54
1391/01/01,431137208.98
1391/01/02,431414146.37
1391/01/03,431740742.90
1391/01/04,431659808.58
1391/01/05,428200614.51
1391/01/06,431569166.58
1391/01/07,433070636.56
1391/01/08,441070209.39
1391/01/09,440673783.29
1391/01/10,437714645.85
1391/01/11,437642601.46
1391/01/12,437877772.28
1391/01/13,437826998.43
1391/01/14,438077679.25
1391/01/15,436800469.16
1391/01/16,438870716.69
1391/01/17,439426264.16
1391/01/18,439325280.24
1391/01/19,437648205.44
1391/01/20,436538808.35
1391/01/21,437732594.85
1391/01/22,436264346.40
1391/01/23,434431311.79
1391/01/24,435455634.00
1391/01/25,435455810.10
1391/01/26,434535145.05
1391/01/27,435358812.67
1391/01/28,437753508.36
1391/01/29,439147838.57
1391/01/30,441635092.51
1391/01/31,446236860.42
1391/02/01,448993807.74
1391/02/02,445134541.38
1391/02/03,441467704.25
1391/02/04,442358929.40
1391/02/05,443125913.26
1391/02/06,443143533.14
1391/02/07,443806248.20
1391/02/08,443776647.98
1391/02/09,444115514.75
1391/02/10,443092910.24
1391/02/11,517967817.52
1391/02/12,444924595.11
1391/02/13,444344682.41
1391/02/14,446809320.11
1391/02/15,446790830.43
1391/02/16,446548976.16
1391/02/17,450768475.83
1391/02/18,450662445.74
1391/02/19,447618051.28
1391/02/20,454672029.14
1391/02/21,456154677.50
1391/02/22,456151818.39
1391/02/23,451621245.33
1391/02/24,451872728.93
1391/02/25,454775903.11
1391/02/26,454795119.34
1391/02/27,453744114.63
1391/02/28,454089130.09
1391/02/29,454071589.92
1391/02/30,454459020.41
1391/02/31,462562153.66
1391/03/01,460873918.13
1391/03/02,459268097.91
1391/03/03,459323947.95
1391/03/04,461733607.35
1391/03/05,461704286.60
1391/03/06,460752386.49
1391/03/07,460512039.32
1391/03/08,459741562.37
1391/03/09,457800573.09
1391/03/10,457016673.03
1391/03/11,457995689.66
1391/03/12,457984498.26
1391/03/13,457742029.87
1391/03/14,457783788.94
1391/03/15,457794164.00
1391/03/16,455850775.94
1391/03/17,461193377.09
1391/03/18,454338888.06
1391/03/19,454304754.51
1391/03/20,452995852.84
1391/03/21,453040691.64
1391/03/22,456577196.06
1391/03/23,456247988.39
1391/03/24,455991310.95
1391/03/25,455660285.06
1391/03/26,455653278.06
1391/03/27,456959145.45
1391/03/28,457523007.03
1391/03/29,457651730.31
1391/03/30,459451280.70
1391/03/31,468997325.72
1391/04/01,466408221.22
1391/04/02,466434923.92
1391/04/03,462155306.86
1391/04/04,458151670.58
1391/04/05,457783843.33
1391/04/06,456928012.41
1391/04/07,458228048.05
1391/04/08,457796140.07
1391/04/09,457770971.14
1391/04/10,456607659.08
1391/04/11,458065855.23
1391/04/12,459501719.73
1391/04/13,458513779.97
1391/04/14,458168313.97
1391/04/15,458298632.50
1391/04/16,458223835.96
1391/04/17,459616756.45
1391/04/18,459444459.90
1391/04/19,458682525.30
1391/04/20,462150131.10
1391/04/21,459319478.14
1391/04/22,461592922.20
1391/04/23,461550643.13
1391/04/24,462893319.64
1391/04/25,462989774.55
1391/04/26,464281348.31
1391/04/27,462397311.19
1391/04/28,463078892.15
1391/04/29,463578764.40
1391/04/30,463534551.90
1391/04/31,467381317.50
1391/05/01,465203961.56
1391/05/02,465564190.62
1391/05/03,465540715.06
1391/05/04,465839781.89
1391/05/05,465424472.53
1391/05/06,465407728.53
1391/05/07,465559620.58
1391/05/08,465868114.62
1391/05/09,466036468.56
1391/05/10,464900499.52
1391/05/11,465676838.49
1391/05/12,464112078.66
1391/05/13,464037155.54
1391/05/14,463569731.82
1391/05/15,461593938.94
1391/05/16,467354357.78
1391/05/17,470861108.78
1391/05/18,469353310.02
1391/05/19,469047348.22
1391/05/20,468962729.27
1391/05/21,465916664.27
1391/05/22,467196010.53
1391/05/23,467191107.92
1391/05/24,467553060.64
1391/05/25,467394812.70
1391/05/26,469169402.54
1391/05/27,469164712.66
1391/05/28,473307826.71
1391/05/29,473307882.19
1391/05/30,473468177.13
1391/05/31,477800738.12
1391/06/01,476759570.59
1391/06/02,476534461.32
1391/06/03,476567099.32
1391/06/04,474474751.13
1391/06/05,475182141.81
1391/06/06,473550427.52
1391/06/07,474602369.08
1391/06/08,475515669.95
1391/06/09,476300192.45
1391/06/10,476250920.58
1391/06/11,476701193.17
1391/06/12,470176793.90
1391/06/13,471816073.97
1391/06/14,472449406.62
1391/06/15,470494408.57
1391/06/16,472018700.95
1391/06/17,472051230.48
1391/06/18,471867451.08
1391/06/19,477320838.47
1391/06/20,479038523.96
1391/06/21,480540697.30
1391/06/22,480963862.28
1391/06/23,478512598.23
1391/06/24,478592785.69
1391/06/25,477967202.81
1391/06/26,480736212.14
1391/06/27,482843470.25
1391/06/28,483705989.84
1391/06/29,486659485.97
1391/06/30,497799522.43
1391/06/31,497866095.46
1391/07/01,488355157.85
1391/07/02,487061759.33
1391/07/03,486277035.27
1391/07/04,486665603.23
1391/07/05,486139560.07
1391/07/06,487702757.83
1391/07/07,487677962.65
1391/07/08,488016015.42
1391/07/09,487823471.15
1391/07/10,487962039.63
1391/07/11,489587075.78
1391/07/12,488842185.19
1391/07/13,488587514.58
1391/07/14,488616304.18
1391/07/15,484205802.85
1391/07/16,483501442.39
1391/07/17,484039921.53
1391/07/18,483539491.66
1391/07/19,488530008.93
1391/07/20,491654123.75
1391/07/21,491648466.47
1391/07/22,489644122.28
1391/07/23,487445638.13
1391/07/24,488303448.36
1391/07/25,487195351.41
1391/07/26,487861308.83
1391/07/27,487979232.25
1391/07/28,487956166.51
1391/07/29,488735664.95
1391/07/30,497000468.43
1391/08/01,496280748.38
1391/08/02,495640807.39
1391/08/03,494656299.79
1391/08/04,493026632.50
1391/08/05,492992283.75
1391/08/06,492778734.84
1391/08/07,493099125.48
1391/08/08,504687737.78
1391/08/09,505929319.43
1391/08/10,503419187.81
1391/08/11,504665616.07
1391/08/12,504821213.06
1391/08/13,505028506.39
1391/08/14,503768586.65
1391/08/15,505328862.96
1391/08/16,505796139.25
1391/08/17,504925042.74
1391/08/18,503377121.61
1391/08/19,503542363.64
1391/08/20,502748795.43
1391/08/21,501177991.52
1391/08/22,501548255.65
1391/08/23,502714179.89
1391/08/24,503757375.13
1391/08/25,503169794.72
1391/08/26,503277703.03
1391/08/27,503150187.79
1391/08/28,503124359.99
1391/08/29,504128791.83
1391/08/30,508682364.29
1391/09/01,508018052.35
1391/09/02,515719891.92
1391/09/03,515794237.09
1391/09/04,515853744.12
1391/09/05,515739442.94
1391/09/06,513815336.38
1391/09/07,513282559.37
1391/09/08,513996270.05
1391/09/09,522203653.57
1391/09/10,528539052.53
1391/09/11,519898123.11
1391/09/12,515481194.23
1391/09/13,513101360.73
1391/09/14,513145928.74
1391/09/15,511628103.27
1391/09/16,515467314.02
1391/09/17,520919818.67
1391/09/18,515933615.11
1391/09/19,515207782.94
1391/09/20,511231159.75
1391/09/21,514971727.09
1391/09/22,514721652.96
1391/09/23,514472881.67
1391/09/24,515020082.24
1391/09/25,513880037.17
1391/09/26,515587512.98
1391/09/27,515072751.42
1391/09/28,517371729.99
1391/09/29,520481516.81
1391/09/30,530029359.50
1391/10/01,533464511.84
1391/10/02,521034661.76
1391/10/03,517761921.41
1391/10/04,516929405.93
1391/10/05,511249226.76
1391/10/06,510281379.24
1391/10/07,510436393.80
1391/10/08,511035169.66
1391/10/09,512802503.36
1391/10/10,512568000.75
1391/10/11,509112324.97
1391/10/12,506825966.14
1391/10/13,508777974.78
1391/10/14,515212567.85
1391/10/15,509590106.78
1391/10/16,508562782.59
1391/10/17,506803055.45
1391/10/18,511469551.84
1391/10/19,510892756.71
1391/10/20,509865014.82
1391/10/21,512738029.37
1391/10/22,513535585.99
1391/10/23,513580412.47
1391/10/24,512278991.83
1391/10/25,516002073.38
1391/10/26,518015307.92
1391/10/27,517337403.63
1391/10/28,518708795.10
1391/10/29,519510570.70
1391/10/30,522677484.34
1391/11/01,523464992.67
1391/11/02,517637106.28
1391/11/03,519279761.63
1391/11/04,519472510.14
1391/11/05,518750460.03
1391/11/06,519957147.82
1391/11/07,517731068.33
1391/11/08,517016843.31
1391/11/09,524790650.76
1391/11/10,526527023.84
1391/11/11,522282570.48
1391/11/12,525912847.61
1391/11/13,527321156.25
1391/11/14,537824440.85
1391/11/15,525423243.10
1391/11/16,527270534.54
1391/11/17,525151153.33
1391/11/18,525012575.14
1391/11/19,529285628.56
1391/11/20,530524883.67
1391/11/21,525292298.50
1391/11/22,526776064.45
1391/11/23,527070655.19
1391/11/24,525907482.76
1391/11/25,522178630.07
1391/11/26,524676744.53
1391/11/27,525916324.34
1391/11/28,530922046.57
1391/11/29,518731494.52
1391/11/30,540900706.83
1391/12/01,524593682.64
1391/12/02,518461727.02
1391/12/03,521992484.65
1391/12/04,523212225.09
1391/12/05,519636744.98
1391/12/06,520517107.25
1391/12/07,520211727.08
1391/12/08,518389509.97
1391/12/09,521443990.38
1391/12/10,521443550.39
1391/12/11,523938679.53
1391/12/12,519704112.56
1391/12/13,519049267.73
1391/12/14,517721449.01
1391/12/15,517460881.31
1391/12/16,516023403.67
1391/12/17,519211026.69
1391/12/18,520190201.09
1391/12/19,515244155.87
1391/12/20,512595784.23
1391/12/21,514294492.01
1391/12/22,514433956.46
1391/12/23,516858982.78
1391/12/24,519103256.77
1391/12/25,520406802.78
1391/12/26,519422653.74
1391/12/27,518810774.15
1391/12/28,518766056.22
1391/12/29,526569935.62
1391/12/30,520474389.47
1392/01/01,528819688.60
1392/01/02,528788830.74
1392/01/03,529638900.52
1392/01/04,527749601.30
1392/01/05,524237292.32
1392/01/06,526018621.19
1392/01/07,527675195.23
1392/01/08,529221725.28
1392/01/09,529681436.35
1392/01/10,526209714.44
1392/01/11,528416740.88
1392/01/12,529246546.00
1392/01/13,529552629.61
1392/01/14,528565195.20
1392/01/15,529419161.20
1392/01/16,530072104.69
1392/01/17,529367206.38
1392/01/18,533010521.13
1392/01/19,532892102.94
1392/01/20,535931328.78
1392/01/21,537156188.24
1392/01/22,543133459.49
1392/01/23,544235009.84
1392/01/24,543555544.65
1392/01/25,545222442.51
1392/01/26,536912005.94
1392/01/27,537778239.95
1392/01/28,537260156.08
1392/01/29,539129955.31
1392/01/30,540233375.66
1392/01/31,545355382.89
1392/02/01,542278286.78
1392/02/02,536513331.54
1392/02/03,535675237.87
1392/02/04,535694921.17
1392/02/05,539173462.62
1392/02/06,540417332.64
1392/02/07,537192580.74
1392/02/08,536635324.01
1392/02/09,534666336.92
1392/02/10,533545028.21
1392/02/11,530957019.49
1392/02/12,535180666.32
1392/02/13,536367278.83
1392/02/14,532461163.93
1392/02/15,533607818.91
1392/02/16,530692374.37
1392/02/17,531820186.69
1392/02/18,532122569.45
1392/02/19,535333854.54
1392/02/20,536462591.01
1392/02/21,533876966.12
1392/02/22,533578398.34
1392/02/23,532640817.47
1392/02/24,530824517.38
1392/02/25,528873213.81
1392/02/26,531227590.73
1392/02/27,532342704.06
1392/02/28,531548507.45
1392/02/29,535814741.64
1392/02/30,537247981.35
1392/02/31,547042043.99
1392/03/01,536758682.72
1392/03/02,537953094.85
1392/03/03,539658689.80
1392/03/04,536047479.74
1392/03/05,534088169.65
1392/03/06,532303519.64
1392/03/07,533961554.21
1392/03/08,532929198.47
1392/03/09,536699183.18
1392/03/10,538002591.98
1392/03/11,531585350.36
1392/03/12,531536040.31
1392/03/13,529335493.71
1392/03/14,531424122.28
1392/03/15,531628679.35
1392/03/16,530884818.80
1392/03/17,531953685.74
1392/03/18,536002703.11
1392/03/19,536738750.84
1392/03/20,534588500.01
1392/03/21,538961388.03
1392/03/22,538498477.65
1392/03/23,535964292.79
1392/03/24,537423028.57
1392/03/25,533174970.17
1392/03/26,538307899.67
1392/03/27,537463992.45
1392/03/28,538344006.85
1392/03/29,544466055.74
1392/03/30,551879478.13
1392/03/31,552707974.97
1392/04/01,544256665.94
1392/04/02,543223359.61
1392/04/03,545037984.76
1392/04/04,541370520.00
1392/04/05,539722008.18
1392/04/06,540365690.23
1392/04/07,541699743.04
1392/04/08,541586342.81
1392/04/09,540387426.90
1392/04/10,536272180.43
1392/04/11,534662628.66
1392/04/12,535338215.07
1392/04/13,537754724.44
1392/04/14,538901557.81
1392/04/15,530692240.25
1392/04/16,532533537.51
1392/04/17,531173246.16
1392/04/18,527000261.73
1392/04/19,526643307.84
1392/04/20,528094385.57
1392/04/21,529329135.30
1392/04/22,529734593.25
1392/04/23,532112035.51
1392/04/24,531141468.69
1392/04/25,532311375.68
1392/04/26,532383089.84
1392/04/27,536113622.33
1392/04/28,537278354.71
1392/04/29,532476131.98
1392/04/30,536796313.02
1392/04/31,544365040.06
1392/05/01,540442461.44
1392/05/02,537820788.68
1392/05/03,537487673.46
1392/05/04,538873113.99
1392/05/05,534790880.26
1392/05/06,533948703.50
1392/05/07,535264764.71
1392/05/08,537035271.01
1392/05/09,533448734.58
1392/05/10,533652623.00
1392/05/11,534921002.69
1392/05/12,531959506.42
1392/05/13,530622443.47
1392/05/14,529388048.82
1392/05/15,527575166.45
1392/05/16,527331009.58
1392/05/17,529880702.65
1392/05/18,531172622.90
1392/05/19,531138125.22
1392/05/20,527843216.90
1392/05/21,527753873.29
1392/05/22,531625436.88
1392/05/23,531520949.46
1392/05/24,531452416.13
1392/05/25,532638124.06
1392/05/26,530097013.26
1392/05/27,531028202.60
1392/05/28,532754957.67
1392/05/29,538231605.87
1392/05/30,542616176.89
1392/05/31,551367370.65
1392/06/01,556320417.32
1392/06/02,545029990.95
1392/06/03,543333050.03
1392/06/04,540614641.31
1392/06/05,540609494.03
1392/06/06,542165693.97
1392/06/07,543756925.37
1392/06/08,545039879.27
1392/06/09,542163379.71
1392/06/10,543076162.70
1392/06/11,545023702.72
1392/06/12,545496013.61
1392/06/13,544421884.11
1392/06/14,544686487.35
1392/06/15,545926672.90
1392/06/16,539660639.78
1392/06/17,539917344.35
1392/06/18,540596905.48
1392/06/19,540820587.93
1392/06/20,538478797.73
1392/06/21,543776642.10
1392/06/22,544851650.09
1392/06/23,540038583.38
1392/06/24,544509139.13
1392/06/25,545491045.56
1392/06/26,543392121.80
1392/06/27,543804447.19
1392/06/28,547109089.62
1392/06/29,548250255.52
1392/06/30,551705671.52
1392/06/31,566202713.72
1392/07/01,556305785.73
1392/07/02,551309439.84
1392/07/03,550934332.44
1392/07/04,547370823.77
1392/07/05,548288876.34
1392/07/06,541287598.89
1392/07/07,539335797.51
1392/07/08,537342680.92
1392/07/09,537122974.23
1392/07/10,535793426.55
1392/07/11,536824026.70
1392/07/12,537651737.35
1392/07/13,535827963.35
1392/07/14,536112936.71
1392/07/15,532692329.65
1392/07/16,533131952.33
1392/07/17,533400749.61
1392/07/18,534980821.86
1392/07/19,535993616.54
1392/07/20,531973918.18
1392/07/21,533436282.64
1392/07/22,538946351.76
1392/07/23,543515104.32
1392/07/24,544658011.11
1392/07/25,543073318.80
1392/07/26,544102169.52
1392/07/27,540944047.01
1392/07/28,542324592.03
1392/07/29,544136454.79
1392/07/30,558508145.77
1392/08/01,551497257.34
1392/08/02,553446792.99
1392/08/03,553974012.99
1392/08/04,547267356.90
1392/08/05,547583821.81
1392/08/06,545345393.37
1392/08/07,542483143.23
1392/08/08,543297364.61
1392/08/09,544871055.20
1392/08/10,545902717.94
1392/08/11,543348926.33
1392/08/12,543058686.10
1392/08/13,543391937.37
1392/08/14,542194246.94
1392/08/15,539719924.79
1392/08/16,542022487.32
1392/08/17,543060147.78
1392/08/18,541678616.16
1392/08/19,539588704.99
1392/08/20,538336064.44
1392/08/21,544670886.48
1392/08/22,545580479.46
1392/08/23,545514812.68
1392/08/24,545298947.10
1392/08/25,538927172.29
1392/08/26,539533340.79
1392/08/27,543010186.99
1392/08/28,543868903.43
1392/08/29,547418241.04
1392/08/30,556860372.35
1392/09/01,560773312.23
1392/09/02,542011191.01
1392/09/03,543683408.59
1392/09/04,542977833.90
1392/09/05,538960417.52
1392/09/06,539590212.84
1392/09/07,538143955.12
1392/09/08,538146607.31
1392/09/09,534418545.33
1392/09/10,531553115.13
1392/09/11,533306526.11
1392/09/12,527859405.12
1392/09/13,532925929.40
1392/09/14,537082075.23
1392/09/15,537849106.39
1392/09/16,534676285.62
1392/09/17,535504129.76
1392/09/18,533724494.50
1392/09/19,532893052.69
1392/09/20,529889645.87
1392/09/21,530939074.80
1392/09/22,531601882.03
1392/09/23,535888514.80
1392/09/24,536331909.31
1392/09/25,539774529.45
1392/09/26,542376442.48
1392/09/27,547312914.40
1392/09/28,556307623.04
1392/09/29,552600229.31
1392/09/30,576444867.89
1392/10/01,560083865.60
1392/10/02,561467216.41
1392/10/03,557072990.11
1392/10/04,556095436.66
1392/10/05,556956111.94
1392/10/06,558031478.56
1392/10/07,559857399.49
1392/10/08,561068711.60
1392/10/09,559046706.38
1392/10/10,560650823.95
1392/10/11,557162114.59
1392/10/12,558525367.99
1392/10/13,558777509.72
1392/10/14,558425924.13
1392/10/15,558694640.29
1392/10/16,560379964.64
1392/10/17,561372893.92
1392/10/18,557755130.84
1392/10/19,557382869.49
1392/10/20,558553290.26
1392/10/21,562083224.49
1392/10/22,569312514.16
1392/10/23,569968492.91
1392/10/24,568961162.11
1392/10/25,570272484.28
1392/10/26,573348588.83
1392/10/27,574552531.70
1392/10/28,573479086.95
1392/10/29,575154322.40
1392/10/30,593059983.60
1392/11/01,584125395.15
1392/11/02,583887758.66
1392/11/03,584199297.88
1392/11/04,585365232.21
1392/11/05,582409438.53
1392/11/06,587347383.34
1392/11/07,589927373.14
1392/11/08,590816553.39
1392/11/09,589479979.29
1392/11/10,590523218.62
1392/11/11,591778588.22
1392/11/12,592933525.10
1392/11/13,594680972.93
1392/11/14,595352087.57
1392/11/15,593685016.03
1392/11/16,597010273.25
1392/11/17,599640125.91
1392/11/18,601111116.52
1392/11/19,601230650.60
1392/11/20,602998479.47
1392/11/21,606860263.97
1392/11/22,608609591.89
1392/11/23,609527596.95
1392/11/24,617182592.74
1392/11/25,618856564.12
1392/11/26,616865849.37
1392/11/27,623471641.56
1392/11/28,621890174.08
1392/11/29,623904405.71
1392/11/30,647188409.37
1392/12/01,635202522.87
1392/12/02,637351522.07
1392/12/03,633023663.23
1392/12/04,628062577.13
1392/12/05,625153016.86
1392/12/06,627634549.36
1392/12/07,631333841.43
1392/12/08,634653624.38
1392/12/09,636332112.45
1392/12/10,637863188.28
1392/12/11,640825492.32
1392/12/12,640942462.45
1392/12/13,641813507.66
1392/12/14,640413082.93
1392/12/15,643671817.70
1392/12/16,645370715.46
1392/12/17,643147927.71
1392/12/18,642466846.63
1392/12/19,639603005.20
1392/12/20,638406250.64
1392/12/21,638726029.90
1392/12/22,646366288.71
1392/12/23,648748829.62
1392/12/24,644234704.87
1392/12/25,638564438.09
1392/12/26,645453932.80
1392/12/27,645149157.45
1392/12/28,650849792.52
1392/12/29,673791399.15
1393/01/01,674451886.01
1393/01/02,675221753.19
1393/01/03,675576654.04
1393/01/04,676053793.51
1393/01/05,673706211.73
1393/01/06,674726255.83
1393/01/07,678005454.67
1393/01/08,678873756.89
1393/01/09,677008026.70
1393/01/10,674800864.20
1393/01/11,674486460.76
1393/01/12,675701573.90
1393/01/13,676328608.41
1393/01/14,676214091.54
1393/01/15,676374250.70
1393/01/16,673477145.68
1393/01/17,674205234.18
1393/01/18,672111409.58
1393/01/19,673553396.15
1393/01/20,672132081.88
1393/01/21,679942769.36
1393/01/22,681504666.23
1393/01/23,678591329.30
1393/01/24,683535797.47
1393/01/25,1650354.18
1393/01/26,680432289.19
1393/01/27,680643343.84
1393/01/28,684630905.35
1393/01/29,684298485.96
1393/01/30,680535106.58
1393/01/31,692261448.94
1393/02/01,695217517.85
1393/02/02,695709984.64
1393/02/03,700168873.35
1393/02/04,702162636.93
1393/02/05,703807457.98
1393/02/06,698114149.06
1393/02/07,699010825.37
1393/02/08,696117034.41
1393/02/09,691550977.71
1393/02/10,691795522.69
1393/02/11,695724002.93
1393/02/12,697575042.83
1393/02/13,694881397.75
1393/02/14,697719589.85
1393/02/15,694324421.14
1393/02/16,692687950.14
1393/02/17,694310057.35
1393/02/18,694015202.59
1393/02/19,695781092.12
1393/02/20,688040968.54
1393/02/21,687840340.83
1393/02/22,688033032.10
1393/02/23,690616163.57
1393/02/24,690047786.75
1393/02/25,693127646.82
1393/02/26,694899880.62
1393/02/27,693059015.56
1393/02/28,692907458.50
1393/02/29,694255714.38
1393/02/30,696628129.57
1393/02/31,711180040.99
1393/03/01,718721512.79
1393/03/02,720968454.80
1393/03/03,713740620.71
1393/03/04,714108430.72
1393/03/05,711586988.54
1393/03/06,715933343.60
1393/03/07,706037679.62
1393/03/08,708838748.85
1393/03/09,710754055.33
1393/03/10,704086890.25
1393/03/11,705896587.18
1393/03/12,706682267.08
1393/03/13,706815995.31
1393/03/14,709722551.07
1393/03/15,710168414.09
1393/03/16,710669436.01
1393/03/17,699205274.95
1393/03/18,710185829.31
1393/03/19,710701607.68
1393/03/20,709681320.57
1393/03/21,712660371.69
1393/03/22,714186309.89
1393/03/23,716142483.46
1393/03/24,709061521.58
1393/03/25,708562942.89
1393/03/26,711885355.67
1393/03/27,707050857.32
1393/03/28,709816225.87
1393/03/29,712543367.56
1393/03/30,714431498.04
1393/03/31,720971145.69
1393/04/01,721912569.05
1393/04/02,721951415.65
1393/04/03,715581544.56
1393/04/04,710820316.88
1393/04/05,710800864.29
1393/04/06,713087624.35
1393/04/07,703936651.13
1393/04/08,707299238.49
1393/04/09,707463118.52
1393/04/10,707737051.89
1393/04/11,703614597.04
1393/04/12,705154605.43
1393/04/13,706800252.32
1393/04/14,702004678.49
1393/04/15,699676097.24
1393/04/16,700831262.29
1393/04/17,699407714.15
1393/04/18,696858718.50
1393/04/19,700753726.15
1393/04/20,702282548.94
1393/04/21,695320044.58
1393/04/22,700717578.96
1393/04/23,698355101.95
1393/04/24,698134418.09
1393/04/25,700263681.69
1393/04/26,701090802.88
1393/04/27,702584553.02
1393/04/28,702662044.32
1393/04/29,700480060.31
1393/04/30,702078788.60
1393/04/31,708832209.05
1393/05/01,711666159.75
1393/05/02,711588190.22
1393/05/03,713507561.58
1393/05/04,703256468.13
1393/05/05,702770225.97
1393/05/06,704845891.62
1393/05/07,707856135.36
1393/05/08,708213988.37
1393/05/09,708795741.16
1393/05/10,708336850.41
1393/05/11,707564978.33
1393/05/12,707661861.03
1393/05/13,710758474.83
1393/05/14,704564302.12
1393/05/15,705412116.95
1393/05/16,707171828.18
1393/05/17,709328903.56
1393/05/18,705775317.94
1393/05/19,708304174.76
1393/05/20,704309668.63
1393/05/21,705191423.28
1393/05/22,712310948.65
1393/05/23,710887163.14
1393/05/24,713081355.65
1393/05/25,711086461.22
1393/05/26,714236636.19
1393/05/27,716871351.87
1393/05/28,715833128.48
1393/05/29,716906090.46
1393/05/30,721044075.87
1393/05/31,723186994.79
1393/06/01,716971514.56
1393/06/02,716137241.75
1393/06/03,662720877.87
1393/06/04,710177966.15
1393/06/05,708944067.64
1393/06/06,708389575.12
1393/06/07,710577675.45
1393/06/08,704597761.99
1393/06/09,706592663.69
1393/06/10,705073514.34
1393/06/11,704372433.94
1393/06/12,703397029.16
1393/06/13,706674712.47
1393/06/14,708698324.43
1393/06/15,696353843.75
1393/06/16,700874071.35
1393/06/17,700434846.90
1393/06/18,697510052.31
1393/06/19,704934019.79
1393/06/20,690966997.10
1393/06/21,693006588.12
1393/06/22,689549921.39
1393/06/23,695855126.52
1393/06/24,698334615.00
1393/06/25,697628543.78
1393/06/26,701172471.13
1393/06/27,704055742.21
1393/06/28,706120537.00
1393/06/29,701392253.51
1393/06/30,704053418.87
1393/06/31,716123838.74
1393/07/01,710800859.30
1393/07/02,705908201.46
1393/07/03,703170177.59
1393/07/04,705178065.87
1393/07/05,699616479.79
1393/07/06,692638585.90
1393/07/07,690605854.96
1393/07/08,689789935.84
1393/07/09,685609488.52
1393/07/10,683045021.13
1393/07/11,685036309.47
1393/07/12,680935915.84
1393/07/13,683575426.06
1393/07/14,686139042.96
1393/07/15,36562328.29
1393/07/16,685587981.62
1393/07/17,687501317.63
1393/07/18,689477834.51
1393/07/19,682562310.05
1393/07/20,686178078.62
1393/07/21,688800781.08
1393/07/22,685488369.30
1393/07/23,685356061.82
1393/07/24,687283384.60
1393/07/25,688981707.65
1393/07/26,678672229.60
1393/07/27,683635990.93
1393/07/28,684215437.68
1393/07/29,685578336.35
1393/07/30,693783301.56
1393/08/01,693469597.78
1393/08/02,695389893.66
1393/08/03,683628264.95
1393/08/04,682130227.87
1393/08/05,676914847.80
1393/08/06,675958580.72
1393/08/07,677550477.91
1393/08/08,677920393.52
1393/08/09,679711338.73
1393/08/10,673920979.04
1393/08/11,671356764.07
1393/08/12,673496219.00
1393/08/13,673591428.85
1393/08/14,668330261.46
1393/08/15,667905703.48
1393/08/16,669720506.18
1393/08/17,665814942.61
1393/08/18,664079326.51
1393/08/19,669631814.50
1393/08/20,666472131.94
1393/08/21,671329782.85
1393/08/22,679481418.54
1393/08/23,681364301.50
1393/08/24,679581489.74
1393/08/25,678147500.69
1393/08/26,675561880.99
1393/08/27,674278821.90
1393/08/28,677512241.69
1393/08/29,691075093.14
1393/08/30,692701277.66
1393/09/01,679996327.85
1393/09/02,683752541.73
1393/09/03,681364399.69
1393/09/04,675396624.35
1393/09/05,673086435.04
1393/09/06,674747241.65
1393/09/07,676491719.26
1393/09/08,670953677.69
1393/09/09,673333112.37
1393/09/10,671048519.12
1393/09/11,671604874.88
1393/09/12,669592040.12
1393/09/13,670793872.37
1393/09/14,672479384.07
1393/09/15,665734537.68
1393/09/16,669120025.11
1393/09/17,666702018.03
1393/09/18,665641364.70
1393/09/19,668065333.79
1393/09/20,670761748.66
1393/09/21,676495722.17
1393/09/22,676688970.89
1393/09/23,674925835.81
1393/09/24,680752851.53
1393/09/25,682030535.38
1393/09/26,685576079.25
1393/09/27,695648032.47
1393/09/28,697626456.40
1393/09/29,711715514.38
1393/09/30,714678625.37
1393/10/01,708629077.96
1393/10/02,711490308.46
1393/10/03,710855357.24
1393/10/04,711122666.38
1393/10/05,713255160.88
1393/10/06,710857710.38
1393/10/07,713228282.06
1393/10/08,718221892.63
1393/10/09,716209599.04
1393/10/10,712183930.78
1393/10/11,715449802.12
1393/10/12,717066626.57
1393/10/13,710155010.32
1393/10/14,710409179.77
1393/10/15,703976454.30
1393/10/16,706342728.60
1393/10/17,706946462.22
1393/10/18,708589539.81
1393/10/19,710201557.57
1393/10/20,704118238.57
1393/10/21,711268887.52
1393/10/22,708128485.15
1393/10/23,707420918.73
1393/10/24,707051208.36
1393/10/25,709087586.78
1393/10/26,710854573.18
1393/10/27,706428966.84
1393/10/28,708314864.78
1393/10/29,713707242.75
1393/10/30,724112323.05
1393/11/01,728108539.75
1393/11/02,727169384.20
1393/11/03,729372026.57
1393/11/04,721336021.76
1393/11/05,721408540.22
1393/11/06,721364103.44
1393/11/07,720365395.17
1393/11/08,722781915.69
1393/11/09,723446108.35
1393/11/10,725649006.78
1393/11/11,722549844.78
1393/11/12,722055348.45
1393/11/13,723924035.03
1393/11/14,723756170.62
1393/11/15,721958274.51
1393/11/16,726101741.81
1393/11/17,728154791.30
1393/11/18,721229402.16
1393/11/19,723780691.27
1393/11/20,723911642.86
1393/11/21,731052942.77
1393/11/22,733980041.26
1393/11/23,730909029.07
1393/11/24,733397469.81
1393/11/25,729084063.73
1393/11/26,727692346.53
1393/11/27,732416804.71
1393/11/28,730736640.09
1393/11/29,733585825.14
1393/11/30,748557201.33
1393/12/01,759017054.02
1393/12/02,753320415.85
1393/12/03,752963332.46
1393/12/04,747672723.60
1393/12/05,747894463.25
1393/12/06,744696300.54
1393/12/07,749158148.47
1393/12/08,751561566.18
1393/12/09,746514952.51
1393/12/10,743319298.16
1393/12/11,747072228.83
1393/12/12,746738553.37
1393/12/13,746432981.26
1393/12/14,748305887.12
1393/12/15,751055265.91
1393/12/16,746356932.05
1393/12/17,747416071.79
1393/12/18,753025885.42
1393/12/19,753351009.44
1393/12/20,754902593.26
1393/12/21,756063890.50
1393/12/22,759492928.25
1393/12/23,753437085.46
1393/12/24,762595375.91
1393/12/25,754647394.39
1393/12/26,755514530.17
1393/12/27,744516095.72
1393/12/28,746676377.28
1393/12/29,758436094.38
1394/01/01,759797470.37
1394/01/02,760051953.51
1394/01/03,760648219.43
1394/01/04,760905894.17
1394/01/05,760240527.71
1394/01/06,762467163.56
1394/01/07,763582139.72
1394/01/08,761680910.53
1394/01/09,763515881.79
1394/01/10,764753722.81
1394/01/11,766717220.31
1394/01/12,768148691.01
1394/01/13,769069188.69
1394/01/14,768737505.17
1394/01/15,765787729.85
1394/01/16,764479651.49
1394/01/17,763915688.22
1394/01/18,763361332.33
1394/01/19,758023602.16
1394/01/20,778230063.76
1394/01/21,780935663.66
1394/01/22,780161393.10
1394/01/23,773755282.27
1394/01/24,775301332.10
1394/01/25,772996431.37
1394/01/26,780179040.06
1394/01/27,778585054.17
1394/01/28,780433901.99
1394/01/29,774249977.27
1394/01/30,776969739.10
1394/01/31,781338362.23
1394/02/01,783970457.08
1394/02/02,781214849.25
1394/02/03,778942540.59
1394/02/04,780996075.20
1394/02/05,779949826.51
1394/02/06,784683397.34
1394/02/07,782192628.52
1394/02/08,778704371.09
1394/02/09,772625882.98
1394/02/10,773202203.65
1394/02/11,775555211.74
1394/02/12,775795113.64
1394/02/13,772156766.09
1394/02/14,766149300.45
1394/02/15,764105468.77
1394/02/16,762430514.88
1394/02/17,765941509.12
1394/02/18,768206635.05
1394/02/19,759852891.58
1394/02/20,766511732.81
1394/02/21,767930334.29
1394/02/22,756153791.58
1394/02/23,759226987.99
1394/02/24,763127835.83
1394/02/25,768514974.53
1394/02/26,768596763.41
1394/02/27,755567005.59
1394/02/28,758167239.67
1394/02/29,757778407.64
1394/02/30,768273062.51
1394/02/31,779466989.06
1394/03/01,789079271.77
1394/03/02,774776153.54
1394/03/03,774577837.55
1394/03/04,773235989.42
1394/03/05,768932140.49
1394/03/06,767728234.08
1394/03/07,770766720.87
1394/03/08,773089285.26
1394/03/09,766813805.23
1394/03/10,760434124.19
1394/03/11,767759261.96
1394/03/12,770745058.62
1394/03/13,773500258.86
1394/03/14,774471746.15
1394/03/15,775068931.85
1394/03/16,763136427.47
1394/03/17,770164444.93
1394/03/18,771401991.47
1394/03/19,770282085.27
1394/03/20,767665776.38
1394/03/21,770360257.23
1394/03/22,772217122.97
1394/03/23,771928215.83
1394/03/24,772758250.68
1394/03/25,771891655.12
1394/03/26,770558649.35
1394/03/27,775760619.54
1394/03/28,776644276.75
1394/03/29,778748474.82
1394/03/30,779112881.09
1394/03/31,795131364.42
1394/04/01,789246070.02
1394/04/02,788316526.92
1394/04/03,794481893.50
1394/04/04,793504191.42
1394/04/05,795318887.99
1394/04/06,786598291.07
1394/04/07,791287746.79
1394/04/08,785237694.60
1394/04/09,784596886.39
1394/04/10,780805378.04
1394/04/11,784594790.03
1394/04/12,786387046.15
1394/04/13,782047149.53
1394/04/14,787279753.09
1394/04/15,777561858.56
1394/04/16,782838720.55
1394/04/17,784962258.97
1394/04/18,789839966.55
1394/04/19,791435491.41
1394/04/20,777654164.27
1394/04/21,785697313.61
1394/04/22,782940497.42
1394/04/23,783683405.30
1394/04/24,785451742.07
1394/04/25,781035246.16
1394/04/26,786519946.56
1394/04/27,787203009.31
1394/04/28,787487481.95
1394/04/29,788720719.69
1394/04/30,782931736.00
1394/04/31,795803343.49
1394/05/01,801960934.50
1394/05/02,804056604.43
1394/05/03,795133273.31
1394/05/04,794852493.20
1394/05/05,793595365.15
1394/05/06,792281199.36
1394/05/07,790977919.89
1394/05/08,796608457.29
1394/05/09,798535126.20
1394/05/10,790219095.46
1394/05/11,793282978.60
1394/05/12,792173873.46
1394/05/13,794136628.38
1394/05/14,796416347.97
1394/05/15,796329056.66
1394/05/16,798355141.23
1394/05/17,793440826.95
1394/05/18,794222560.86
1394/05/19,789531416.46
1394/05/20,791983624.38
1394/05/21,786617987.04
1394/05/22,789291418.49
1394/05/23,791385647.49
1394/05/24,787066357.03
1394/05/25,788411113.03
1394/05/26,796745557.85
1394/05/27,798314052.89
1394/05/28,795420584.53
1394/05/29,800558503.71
1394/05/30,802492981.18
1394/05/31,805059361.52
1394/06/01,808128430.83
1394/06/02,812186413.73
1394/06/03,814393452.45
1394/06/04,811169821.33
1394/06/05,809749907.85
1394/06/06,811722402.19
1394/06/07,805206378.07
1394/06/08,810265819.42
1394/06/09,809112819.57
1394/06/10,813045643.13
1394/06/11,816207762.22
1394/06/12,819083836.50
1394/06/13,821006211.76
1394/06/14,815626334.31
1394/06/15,814504595.46
1394/06/16,810623397.51
1394/06/17,812828945.26
1394/06/18,815858155.08
1394/06/19,818223292.16
1394/06/20,819909107.35
1394/06/21,810390041.76
1394/06/22,810951888.62
1394/06/23,814816624.19
1394/06/24,814855055.03
1394/06/25,811675982.71
1394/06/26,816563404.96
1394/06/27,818255147.61
1394/06/28,820528649.22
1394/06/29,824351643.47
1394/06/30,833245033.76
1394/06/31,850228200.88
1394/07/01,845720451.46
1394/07/02,848180880.25
1394/07/03,848826985.49
1394/07/04,844955472.86
1394/07/05,838064440.75
1394/07/06,837642734.01
1394/07/07,841089788.56
1394/07/08,840262734.38
1394/07/09,842161617.15
1394/07/10,844018150.22
1394/07/11,839094190.92
1394/07/12,842876893.22
1394/07/13,841640275.80
1394/07/14,841538623.66
1394/07/15,851010108.33
1394/07/16,852831071.51
1394/07/17,854380290.77
1394/07/18,841094979.60
1394/07/19,842773158.89
1394/07/20,844679903.22
1394/07/21,848058021.53
1394/07/22,849911387.64
1394/07/23,851481831.30
1394/07/24,852944118.10
1394/07/25,841329365.47
1394/07/26,847746391.98
1394/07/27,846228966.37
1394/07/28,843614070.13
1394/07/29,849480778.16
1394/07/30,857177994.37
1394/08/01,868144578.17
1394/08/02,868276701.44
1394/08/03,863264984.05
1394/08/04,861603765.77
1394/08/05,860489108.68
1394/08/06,860527049.35
1394/08/07,861708628.74
1394/08/08,863168040.06
1394/08/09,856398054.83
1394/08/10,855518068.58
1394/08/11,860240254.68
1394/08/12,858128315.51
1394/08/13,861845133.74
1394/08/14,861397111.79
1394/08/15,863133660.59
1394/08/16,860593618.63
1394/08/17,862292864.50
1394/08/18,872836803.96
1394/08/19,873495081.56
1394/08/20,869375569.50
1394/08/21,874997995.03
1394/08/22,876979543.95
1394/08/23,872062948.67
1394/08/24,877176396.95
1394/08/25,860779730.07
1394/08/26,866588076.73
1394/08/27,866098686.34
1394/08/28,867696931.06
1394/08/29,869083799.69
1394/08/30,882376695.83
1394/09/01,884669174.51
1394/09/02,884534424.94
1394/09/03,889912690.29
1394/09/04,892346226.21
1394/09/05,895673114.14
1394/09/06,897174266.82
1394/09/07,895627277.12
1394/09/08,900758589.28
1394/09/09,896797428.01
1394/09/10,892125466.13
1394/09/11,894070066.95
1394/09/12,896453124.54
1394/09/13,897958190.66
1394/09/14,888933515.65
1394/09/15,895840468.56
1394/09/16,894519176.53
1394/09/17,892522647.24
1394/09/18,898752141.23
1394/09/19,900851047.24
1394/09/20,901478343.76
1394/09/21,901741950.12
1394/09/22,899470696.06
1394/09/23,902499380.74
1394/09/24,897711685.35
1394/09/25,886003408.37
1394/09/26,891876473.60
1394/09/27,893055862.40
1394/09/28,891623987.56
1394/09/29,893858031.44
1394/09/30,907992378.50
1394/10/01,908700559.25
1394/10/02,906234789.48
1394/10/03,910416552.63
1394/10/04,912314143.06
1394/10/05,906587089.44
1394/10/06,906618044.94
1394/10/07,906541328.22
1394/10/08,908612905.56
1394/10/09,909916078.84
1394/10/10,911809543.28
1394/10/11,914506433.44
1394/10/12,909839349.48
1394/10/13,910743139.08
1394/10/14,906332187.10
1394/10/15,907470934.35
1394/10/16,910230664.88
1394/10/17,911560059.79
1394/10/18,913405108.31
1394/10/19,906549266.73
1394/10/20,912738870.19
1394/10/21,910641996.12
1394/10/22,912926685.22
1394/10/23,914599311.91
1394/10/24,915512471.24
1394/10/25,916979459.87
1394/10/26,917740616.90
1394/10/27,926694935.10
1394/10/28,930354333.36
1394/10/29,930354333.36
1394/10/30,958091332.45
1394/11/01,952652846.19
1394/11/02,954723174.49
1394/11/03,945648578.91
1394/11/04,944425481.86
1394/11/05,945469339.29
1394/11/06,951397517.50
1394/11/07,947842338.61
1394/11/08,951341521.09
1394/11/09,952821957.96
1394/11/10,950590366.95
1394/11/11,951198929.57
1394/11/12,951115958.67
1394/11/13,951068072.62
1394/11/14,953320642.67
1394/11/15,956001144.07
1394/11/16,957958038.65
1394/11/17,955932655.82
1394/11/18,961230753.47
1394/11/19,957959196.44
1394/11/20,953758898.32
1394/11/21,949612456.06
1394/11/22,952997580.31
1394/11/23,954209153.57
1394/11/24,950388925.87
1394/11/25,950305512.75
1394/11/26,958787930.82
1394/11/27,962991353.85
1394/11/28,963141218.54
1394/11/29,968429042.65
1394/11/30,970762075.40
1394/12/01,973115911.54
1394/12/02,976489767.96
1394/12/03,977643146.00
1394/12/04,977946872.08
1394/12/05,974375833.85
1394/12/06,980485987.97
1394/12/07,982784136.14
1394/12/08,976796476.50
1394/12/09,984374348.14
1394/12/10,979373340.36
1394/12/11,979917188.26
1394/12/12,978592309.97
1394/12/13,983209716.34
1394/12/14,985077247.27
1394/12/15,978789602.33
1394/12/16,977669154.99
1394/12/17,980309369.45
1394/12/18,987080385.44
1394/12/19,984473782.85
1394/12/20,987707301.60
1394/12/21,989384133.74
1394/12/22,990636552.89
1394/12/23,993853598.31
1394/12/24,992316086.76
1394/12/25,985661207.20
1394/12/26,979045916.09
1394/12/27,974564048.62
1394/12/28,978822309.10
1394/12/29,965579518.92
1395/01/01,994377562.98
1395/01/02,994789389.81
1395/01/03,996323173.74
1395/01/04,997413240.01
1395/01/05,993469843.86
1395/01/06,994234735.27
1395/01/07,991121358.18
1395/01/08,991899966.87
1395/01/09,992446198.63
1395/01/10,992878435.01
1395/01/11,990368838.87
1395/01/12,991847110.69
1395/01/13,993518234.50
1395/01/14,990023456.19
1395/01/15,989439834.90
1395/01/16,990416607.96
1395/01/17,990174447.48
1395/01/18,986583869.71
1395/01/19,991039501.53
1395/01/20,992548174.28
1395/01/21,985988988.85
1395/01/22,988263105.84
1395/01/23,989794947.37
1395/01/24,988125947.64
1395/01/25,984788963.04
1395/01/26,992840215.36
1395/01/27,994563349.00
1395/01/28,988752571.74
1395/01/29,992812361.46
1395/01/30,993018037.73
1395/01/31,997607401.89
1395/02/01,1001833781.58
1395/02/02,1005164118.99
1395/02/03,1007183202.55
1395/02/04,1004582926.17
1395/02/05,1002736706.44
1395/02/06,1004352758.49
1395/02/07,1005107385.86
1395/02/08,1004001965.99
1395/02/09,1004680095.19
1395/02/10,1006621465.65
1395/02/11,996176911.45
1395/02/12,999110672.42
1395/02/13,1000039839.29
1395/02/14,998805780.08
1395/02/15,1000585321.61
1395/02/16,1003630386.58
1395/02/17,1005027832.51
1395/02/18,998725177.11
1395/02/19,1000249480.99
1395/02/20,995248409.38
1395/02/21,998789902.51
1395/02/22,997409987.42
1395/02/23,1002664651.13
1395/02/24,1004647146.68
1395/02/25,998938779.73
1395/02/26,1008278249.39
1395/02/27,1005791613.61
1395/02/28,1012868460.12
1395/02/29,1012853603.28
1395/02/30,1022201153.83
1395/02/31,1024669988.70
1395/03/01,1026664130.70
1395/03/02,1030197588.67
1395/03/03,1026446377.70
1395/03/04,1027936257.39
1395/03/05,1024419664.12
1395/03/06,1026672020.86
1395/03/07,1029075291.92
1395/03/08,1025614061.99
1395/03/09,1027784455.77
1395/03/10,1025455138.61
1395/03/11,1024644684.84
1395/03/12,1030983734.41
1395/03/13,1049881941.17
1395/03/14,1052373904.67
1395/03/15,1052321180.76
1395/03/16,1057759569.84
1395/03/17,1059031427.36
1395/03/18,1056641006.78
1395/03/19,1064330164.89
1395/03/20,1063560114.22
1395/03/21,1065222094.30
1395/03/22,1062618132.81
1395/03/23,1058074585.51
1395/03/24,1056195374.36
1395/03/25,1053158233.02
1395/03/26,1061970744.66
1395/03/27,1060194617.61
1395/03/28,1062209369.40
1395/03/29,1059590899.77
1395/03/30,1060163211.01
1395/03/31,1068968495.89
1395/04/01,1072160588.20
1395/04/02,1066910706.11
1395/04/03,1070517282.30
1395/04/04,1072810893.24
1395/04/05,1068745804.96
1395/04/06,1065328144.45
1395/04/07,1068106354.48
1395/04/08,1062830183.01
1395/04/09,1068948232.87
1395/04/10,1068772790.11
1395/04/11,1070801560.97
1395/04/12,1066947533.17
1395/04/13,1071496135.98
1395/04/14,1054121217.37
1395/04/15,1051600703.61
1395/04/16,1055003562.01
1395/04/17,1055400550.91
1395/04/18,1056806144.53
1395/04/19,1049885472.41
1395/04/20,1046555450.12
1395/04/21,1052212122.01
1395/04/22,1039500060.72
1395/04/23,1012341946.78
1395/04/24,1047923032.94
1395/04/25,1050446470.22
1395/04/26,1044044238.33
1395/04/27,1048024118.46
1395/04/28,1042067390.78
1395/04/29,1040810495.85
1395/04/30,1044050251.76
1395/04/31,1055560323.45
1395/05/01,1068492097.19
1395/05/02,1054576285.35
1395/05/03,1049515506.78
1395/05/04,1048665825.04
1395/05/05,1042660290.94
1395/05/06,1037872005.84
1395/05/07,1041477170.31
1395/05/08,1044308047.11
1395/05/09,1044175638.68
1395/05/10,1041799930.45
1395/05/11,1045662977.30
1395/05/12,1044383483.50
1395/05/13,1039318764.90
1395/05/14,1046491816.68
1395/05/15,1049137385.30
1395/05/16,1041194817.59
1395/05/17,1042495176.71
1395/05/18,1041966793.73
1395/05/19,1036513326.84
1395/05/20,1038279802.84
1395/05/21,1039275921.06
1395/05/22,1041749184.65
1395/05/23,1036696974.91
1395/05/24,1037049577.85
1395/05/25,1035777811.89
1395/05/26,1035036725.88
1395/05/27,1031689412.94
1395/05/28,1037546609.96
1395/05/29,1039721503.57
1395/05/30,1036252486.54
1395/05/31,1043671379.00
1395/06/01,1047433031.74
1395/06/02,1045415137.52
1395/06/03,1049252451.91
1395/06/04,1049594400.47
1395/06/05,1052085960.28
1395/06/06,1046290134.42
1395/06/07,1043333211.37
1395/06/08,1050626238.21
1395/06/09,1051055230.15
1395/06/10,1051181909.71
1395/06/11,1052151252.09
1395/06/12,1054355761.82
1395/06/13,1052112998.14
1395/06/14,1055101729.38
1395/06/15,1049161396.57
1395/06/16,1050693767.34
1395/06/17,1048462588.72
1395/06/18,1051060724.31
1395/06/19,1053246290.24
1395/06/20,1046620136.04
1395/06/21,1043748358.96
1395/06/22,1047068133.15
1395/06/23,1043213554.79
1395/06/24,1046827613.97
1395/06/25,1050422741.45
1395/06/26,1052718257.80
1395/06/27,1049134815.44
1395/06/28,1046853553.42
1395/06/29,1054317237.69
1395/06/30,1058288609.31
1395/06/31,1076407558.79
1395/07/01,1071301398.37
1395/07/02,1073777971.49
1395/07/03,1061771547.07
1395/07/04,1064756855.15
1395/07/05,1058994211.04
1395/07/06,1055231784.51
1395/07/07,1054146097.67
1395/07/08,1058110628.40
1395/07/09,1059937307.97
1395/07/10,1052307641.42
1395/07/11,1047720508.38
1395/07/12,1046201762.44
1395/07/13,1045693942.12
1395/07/14,1043314092.75
1395/07/15,1042580181.78
1395/07/16,1044496232.70
1395/07/17,1046513019.75
1395/07/18,1042120908.16
1395/07/19,1042120831.14
1395/07/20,1045095621.66
1395/07/21,1045577865.67
1395/07/22,1041581520.99
1395/07/23,1043282711.76
1395/07/24,1048698978.15
1395/07/25,1049958592.35
1395/07/26,1049370652.46
1395/07/27,1049267884.06
1395/07/28,1050328684.24
1395/07/29,1060543380.17
1395/07/30,1063225062.34
1395/08/01,1065223943.25
1395/08/02,1061678027.15
1395/08/03,1066571231.39
1395/08/04,1058784026.57
1395/08/05,1056383591.41
1395/08/06,1058647168.71
1395/08/07,1060697744.06
1395/08/08,1053688361.67
1395/08/09,1057090425.42
1395/08/10,1055805526.91
1395/08/11,1056932997.60
1395/08/12,1052794021.56
1395/08/13,1055207574.92
1395/08/14,1056994701.78
1395/08/15,1053265297.34
1395/08/16,1054689859.04
1395/08/17,1051142204.71
1395/08/18,1052427356.17
1395/08/19,1051687795.03
1395/08/20,1052642712.00
1395/08/21,1054622978.76
1395/08/22,1052646660.26
1395/08/23,1046898847.61
1395/08/24,1047592879.82
1395/08/25,1043511795.30
1395/08/26,1043063235.31
1395/08/27,1044693833.15
1395/08/28,1046524995.22
1395/08/29,1059631334.81
1395/08/30,1063362847.10
1395/09/01,1055762354.86
1395/09/02,1045125745.67
1395/09/03,1050011959.77
1395/09/04,1052524017.93
1395/09/05,1053882630.59
1395/09/06,1053890147.42
1395/09/07,1057705866.84
1395/09/08,1060860155.88
1395/09/09,1061033642.44
1395/09/10,1063804386.55
1395/09/11,1062459427.11
1395/09/12,1064386415.44
1395/09/13,1071751915.47
1395/09/14,1065575971.32
1395/09/15,1063097006.86
1395/09/16,1062438443.70
1395/09/17,1068440468.30
1395/09/18,1073623736.52
1395/09/19,1075529155.23
1395/09/20,1063981065.45
1395/09/21,1063678094.35
1395/09/22,1062392917.19
1395/09/23,1058670695.09
1395/09/24,1051647114.90
1395/09/25,1060370710.71
1395/09/26,1062332267.21
1395/09/27,1062574245.86
1395/09/28,1058221330.41
1395/09/29,1057462168.44
1395/09/30,1069206882.69
1395/10/01,1063728138.93
1395/10/02,1063446965.79
1395/10/03,1065468192.61
1395/10/04,1054347399.95
1395/10/05,1059583377.00
1395/10/06,1056627071.23
1395/10/07,1054964292.59
1395/10/08,1066612941.03
1395/10/09,1065669808.97
1395/10/10,1067408411.90
1395/10/11,1059386755.81
1395/10/12,1057547704.46
1395/10/13,1057281017.88
1395/10/14,1054583906.97
1395/10/15,1057473781.58
1395/10/16,1058186744.68
1395/10/17,1060193526.02
1395/10/18,1051684810.89
1395/10/19,1054720178.77
1395/10/20,1049939845.70
1395/10/21,1051924483.64
1395/10/22,1059907866.88
1395/10/23,1060131410.64
1395/10/24,1062360196.51
1395/10/25,1052693457.04
1395/10/26,1056461184.20
1395/10/27,1047801215.35
1395/10/28,1050213249.68
1395/10/29,1054799248.95
1395/10/30,1064220368.59
1395/11/01,1074383132.87
1395/11/02,1066402790.17
1395/11/03,1069886752.69
1395/11/04,1065579591.41
1395/11/05,1066436102.56
1395/11/06,1064929737.22
1395/11/07,1067269218.56
1395/11/08,1070198781.73
1395/11/09,1058214504.57
1395/11/10,1062586426.54
1395/11/11,1063759333.79
1395/11/12,1064565469.36
1395/11/13,1064942880.04
1395/11/14,1071558480.22
1395/11/15,1073664382.88
1395/11/16,1072888758.14
1395/11/17,1070934569.86
1395/11/18,1072499815.11
1395/11/19,1075958465.16
1395/11/20,1073197605.63
1395/11/21,1076529161.10
1395/11/22,1078616132.76
1395/11/23,1072941027.98
1395/11/24,1072757598.58
1395/11/25,1068255346.61
1395/11/26,1064502469.52
1395/11/27,1063523953.90
1395/11/28,1070784111.87
1395/11/29,1073249384.52
1395/11/30,1078995151.30
1395/12/01,1077897629.49
1395/12/02,1080839726.33
1395/12/03,1078148752.06
1395/12/04,1080845838.41
1395/12/05,1083197806.78
1395/12/06,1085360656.49
1395/12/07,1079604748.20
1395/12/08,1086646811.11
1395/12/09,1085459428.72
1395/12/10,1086568284.44
1395/12/11,1082729594.92
1395/12/12,1085517406.99
1395/12/13,1087457845.32
1395/12/14,1082229240.73
1395/12/15,1079098122.46
1395/12/16,1088257334.07
1395/12/17,1087254582.29
1395/12/18,1088012443.87
1395/12/19,1097948877.58
1395/12/20,1129415114.29
1395/12/21,1089555937.89
1395/12/22,1088703635.45
1395/12/23,1083437711.96
1395/12/24,1091174055.03
1395/12/25,1084219120.60
1395/12/26,1088412877.65
1395/12/27,1090720989.59
1395/12/28,1072896733.68
1395/12/29,1065649304.27
1395/12/30,1081643329.19
1396/01/01,1083489713.98
1396/01/02,1083133383.68
1396/01/03,1084334660.40
1396/01/04,1085257508.71
1396/01/05,1083929154.67
1396/01/06,1082818060.35
1396/01/07,1080714871.90
1396/01/08,1080253583.07
1396/01/09,1080200650.59
1396/01/10,1079484461.22
1396/01/11,1080852044.74
1396/01/12,1081342059.75
1396/01/13,1083433827.87
1396/01/14,1078311488.24
1396/01/15,1082082528.88
1396/01/16,1086870614.55
1396/01/17,1086812542.65
1396/01/18,1089166281.72
1396/01/19,1089724035.92
1396/01/20,1090602014.73
1396/01/21,1090556248.97
1396/01/22,1093614335.12
1396/01/23,1090253072.39
1396/01/24,1091928311.08
1396/01/25,1094276811.79
1396/01/26,1093254603.68
1396/01/27,1094243941.33
1396/01/28,1090538903.89
1396/01/29,1089783482.01
1396/01/30,1093801870.25
1396/01/31,1100991304.78
1396/02/01,1112240224.11
1396/02/02,1103446059.98
1396/02/03,1103158927.42
1396/02/04,1103443352.48
1396/02/05,1106785861.81
1396/02/06,1107934169.63
1396/02/07,1109903389.82
1396/02/08,1112472230.05
1396/02/09,1103859446.90
1396/02/10,1098013834.07
1396/02/11,1101187578.84
1396/02/12,1104324971.07
1396/02/13,1103265793.99
1396/02/14,1105783225.43
1396/02/15,1108164469.64
1396/02/16,1103673948.30
1396/02/17,1103717507.32
1396/02/18,1107373539.49
1396/02/19,1109333687.22
1396/02/20,1104646624.17
1396/02/21,1105780311.55
1396/02/22,1107914585.95
1396/02/23,1107646867.43
1396/02/24,1107846185.39
1396/02/25,1110166016.15
1396/02/26,1106132105.44
1396/02/27,1105460315.25
1396/02/28,1107629143.91
1396/02/29,1110599261.57
1396/02/30,1107252977.61
1396/02/31,1112128568.40
1396/03/01,1113548467.42
1396/03/02,1111740984.38
1396/03/03,1114192367.30
1396/03/04,1114595692.42
1396/03/05,1117007989.89
1396/03/06,1112608744.98
1396/03/07,1112761018.93
1396/03/08,1117520299.48
1396/03/09,1115164283.54
1396/03/10,1112574861.74
1396/03/11,1113640661.54
1396/03/12,1116374061.97
1396/03/13,1118114142.58
1396/03/14,1121618926.08
1396/03/15,1122119746.50
1396/03/16,1120408444.20
1396/03/17,1122393183.11
1396/03/18,1125379378.53
1396/03/19,1127583219.37
1396/03/20,1122737886.72
1396/03/21,1124969717.53
1396/03/22,1123426903.05
1396/03/23,1121734058.22
1396/03/24,1125205010.98
1396/03/25,1126259668.30
1396/03/26,1128502327.72
1396/03/27,1128171917.35
1396/03/28,1130019516.56
1396/03/29,1137266714.15
1396/03/30,1145063354.03
1396/03/31,1165045448.33
1396/04/01,1171487760.18
1396/04/02,1174932057.43
1396/04/03,1176169614.05
1396/04/04,1177343306.82
1396/04/05,1181144917.72
1396/04/06,1181723430.71
1396/04/07,1182129635.21
1396/04/08,1184424422.32
1396/04/09,1187096489.01
1396/04/10,1181667894.58
1396/04/11,1182802253.88
1396/04/12,1177224189.26
1396/04/13,1182609876.76
1396/04/14,1180440892.41
1396/04/15,1179971146.11
1396/04/16,1182821519.78
1396/04/17,1181737949.70
1396/04/18,1179746444.85
1396/04/19,1180054346.59
1396/04/20,1176283239.55
1396/04/21,1177695231.81
1396/04/22,1177400445.31
1396/04/23,1180012206.28
1396/04/24,1175864867.46
1396/04/25,1173847728.74
1396/04/26,1177914854.01
1396/04/27,1172862754.07
1396/04/28,1170109102.35
1396/04/29,1174618287.39
1396/04/30,1176105345.30
1396/04/31,1179247427.18
1396/05/01,1184133459.73
1396/05/02,1183422797.38
1396/05/03,1184592976.69
1396/05/04,1185311641.99
1396/05/05,1188068847.04
1396/05/06,1191217645.05
1396/05/07,1184787743.54
1396/05/08,1187273444.70
1396/05/09,1186584827.44
1396/05/10,1185649032.75
1396/05/11,1183641747.88
1396/05/12,1187459979.28
1396/05/13,1190196751.37
1396/05/14,1191275866.21
1396/05/15,1187961612.24
1396/05/16,1192051793.57
1396/05/17,1190804579.03
1396/05/18,1187672206.33
1396/05/19,1197756786.69
1396/05/20,1200520883.69
1396/05/21,1190610436.10
1396/05/22,1190327218.55
1396/05/23,1194239011.18
1396/05/24,1196927053.84
1396/05/25,1183409946.24
1396/05/26,1193179122.47
1396/05/27,1195407632.65
1396/05/28,1187672287.65
1396/05/29,1188551011.82
1396/05/30,1193387590.07
1396/05/31,1209237106.07
1396/06/01,1210325962.49
1396/06/02,1210724720.30
1396/06/03,1214706034.90
1396/06/04,1211304962.78
1396/06/05,1211760101.60
1396/06/06,1204530875.25
1396/06/07,1200612229.72
1396/06/08,1199608392.92
1396/06/09,1194132122.96
1396/06/10,1197332718.16
1396/06/11,1191451644.13
1396/06/12,1196598570.90
1396/06/13,1200707375.27
1396/06/14,1198322781.35
1396/06/15,1196490183.17
1396/06/16,1200576439.85
1396/06/17,1203634528.88
1396/06/18,1204248772.39
1396/06/19,1203338858.35
1396/06/20,1201976658.10
1396/06/21,1199772612.58
1396/06/22,1200994115.57
1396/06/23,1198982000.24
1396/06/24,1201416145.34
1396/06/25,1190481820.75
1396/06/26,1195492545.83
1396/06/27,1200289634.97
1396/06/28,1198943139.24
1396/06/29,1205976488.77
1396/06/30,1218226085.05
1396/06/31,1221849789.94
1396/07/01,1214479185.79
1396/07/02,1206299009.33
1396/07/03,1205661485.63
1396/07/04,1205191449.15
1396/07/05,1205177026.69
1396/07/06,1206191000.20
1396/07/07,1208271040.36
1396/07/08,1209771675.22
1396/07/09,1211457944.12
1396/07/10,1206348735.97
1396/07/11,1206938818.88
1396/07/12,1203449361.86
1396/07/13,1210651604.87
1396/07/14,1212418144.61
1396/07/15,1206066131.96
1396/07/16,1201155793.26
1396/07/17,1205771980.36
1396/07/18,1208071639.34
1396/07/19,1209447073.88
1396/07/20,1209784388.98
1396/07/21,1211937111.36
1396/07/22,1203191769.08
1396/07/23,1200979262.63
1396/07/24,1203798246.81
1396/07/25,1203951970.11
1396/07/26,1203267676.16
1396/07/27,1210487689.76
1396/07/28,1212823088.21
1396/07/29,1206620961.14
1396/07/30,1215522576.83
1396/08/01,1215266308.45
1396/08/02,1214580999.01
1396/08/03,1212450448.65
1396/08/04,1216252488.14
1396/08/05,1217949638.49
1396/08/06,1218940980.04
1396/08/07,1221702353.59
1396/08/08,1225261398.88
1396/08/09,1227212748.27
1396/08/10,1220106781.47
1396/08/11,1221241401.62
1396/08/12,1223085024.27
1396/08/13,1219245013.02
1396/08/14,1221763662.86
1396/08/15,1219506586.59
1396/08/16,1215777448.98
1396/08/17,1216301248.26
1396/08/18,1218840552.75
1396/08/19,1219231014.84
1396/08/20,1218951146.90
1396/08/21,1228176367.01
1396/08/22,1228474237.07
1396/08/23,1204586326.82
1396/08/24,1211053752.71
1396/08/25,1211557266.38
1396/08/26,1213459910.65
1396/08/27,1211546911.08
1396/08/28,1214148846.60
1396/08/29,1212373246.31
1396/08/30,1233217581.39
1396/09/01,1228970645.61
1396/09/02,1231314868.57
1396/09/03,1233606035.13
1396/09/04,1229993398.87
1396/09/05,1230083833.22
1396/09/06,1232833443.64
1396/09/07,1238604248.98
1396/09/08,1236487972.72
1396/09/09,1237461458.65
1396/09/10,1239489987.84
1396/09/11,1236610145.03
1396/09/12,1235502142.96
1396/09/13,1238683065.24
1396/09/14,1238831944.30
1396/09/15,1241440292.43
1396/09/16,1245910969.15
1396/09/17,1248046378.70
1396/09/18,1245612065.46
1396/09/19,1241974972.97
1396/09/20,1245564411.65
1396/09/21,1238609167.24
1396/09/22,1245052952.39
1396/09/23,1243462718.99
1396/09/24,1245220353.73
1396/09/25,1242687161.32
1396/09/26,1243787914.68
1396/09/27,1235020876.38
1396/09/28,1249132858.61
1396/09/29,1249895621.06
1396/09/30,1267212091.69
1396/10/01,1274998215.71
1396/10/02,1264111829.79
1396/10/03,1253695860.60
1396/10/04,1257355962.17
1396/10/05,1249296845.41
1396/10/06,1242444945.23
1396/10/07,1251050906.93
1396/10/08,1253034378.26
1396/10/09,1252982927.29
1396/10/10,1252824499.16
1396/10/11,1259270567.34
1396/10/12,1269833881.09
1396/10/13,1263435948.16
1396/10/14,1269658397.25
1396/10/15,1271491988.87
1396/10/16,1265563134.22
1396/10/17,1266310870.85
1396/10/18,1263919951.65
1396/10/19,1280472698.16
1396/10/20,1281527372.83
1396/10/21,1282059855.87
1396/10/22,1284150607.18
1396/10/23,1277929058.10
1396/10/24,1286013932.07
1396/10/25,1270888897.25
1396/10/26,1265048641.90
1396/10/27,1264831794.90
1396/10/28,1276779874.71
1396/10/29,1280694926.57
1396/10/30,1288699231.24
1396/11/01,1288222992.08
1396/11/02,1276192406.37
1396/11/03,1280336181.89
1396/11/04,1293188587.20
1396/11/05,1285844642.25
1396/11/06,1297592807.13
1396/11/07,1288081386.27
1396/11/08,1290544877.10
1396/11/09,1281867899.85
1396/11/10,1299969836.00
1396/11/11,1289857295.01
1396/11/12,1301692925.67
1396/11/13,1311964732.42
1396/11/14,1313682447.06
1396/11/15,1306346031.73
1396/11/16,1309794459.41
1396/11/17,1315334574.21
1396/11/18,1311047366.41
1396/11/19,1314475829.29
1396/11/20,1324518319.59
1396/11/21,1314576185.08
1396/11/22,1327411018.02
1396/11/23,1311953766.68
1396/11/24,1313346598.73
1396/11/25,1297918997.30
1396/11/26,1291680794.39
1396/11/27,1301575186.68
1396/11/28,1291531010.82
1396/11/29,1296629885.89
1396/11/30,1323169576.03
1396/12/01,1339966872.07
1396/12/02,1324169631.97
1396/12/03,1321915395.04
1396/12/04,1333116668.58
1396/12/05,1322210701.93
1396/12/06,1306836412.93
1396/12/07,1318210445.52
1396/12/08,1328473548.73
1396/12/09,1332180896.69
1396/12/10,1340804593.98
1396/12/11,1351679665.34
1396/12/12,1343810429.83
1396/12/13,1323459481.36
1396/12/14,1329948261.69
1396/12/15,1333253785.24
1396/12/16,1317340773.08
1396/12/17,1321633286.34
1396/12/18,1333357684.51
1396/12/19,1319877932.51
1396/12/20,1313073782.07
1396/12/21,1315737982.38
1396/12/22,1306812981.51
1396/12/23,1312022886.84
1396/12/24,1301667213.31
1396/12/25,1314353545.32
1396/12/26,1295896194.34
1396/12/27,1291835518.82
1396/12/28,1273611071.29
1396/12/29,1295166338.59
1397/01/01,1302350037.88
1397/01/02,1302885887.82
1397/01/03,1304707327.74
1397/01/04,1303763252.04
1397/01/05,1334841824.06
1397/01/06,1310177267.20
1397/01/07,1311042499.11
1397/01/08,1311319234.69
1397/01/09,1311850418.67
1397/01/10,1317725332.98
1397/01/11,1317123827.48
1397/01/12,1319494763.25
1397/01/13,1323103666.27
1397/01/14,1316882992.47
1397/01/15,1315762585.72
1397/01/16,1317464250.59
1397/01/17,1326381293.51
1397/01/18,1315566264.79
1397/01/19,1335514804.27
1397/01/20,1322891148.93
1397/01/21,1324895431.72
1397/01/22,1324734519.54
1397/01/23,1337839499.18
1397/01/24,1346292033.48
1397/01/25,1345235979.67
1397/01/26,1318894845.45
1397/01/27,1317603403.39
1397/01/28,1322194668.78
1397/01/29,1320507389.43
1397/01/30,1329094938.60
1397/01/31,1338518854.24
1397/02/01,1327191695.76
1397/02/02,1324895970.37
1397/02/03,1322296580.91
1397/02/04,1320530547.66
1397/02/05,1323372510.63
1397/02/06,1327248170.03
1397/02/07,1336682751.57
1397/02/08,1324366146.56
1397/02/09,1322783652.20
1397/02/10,1323984096.60
1397/02/11,1324843094.74
1397/02/12,1335049548.59
1397/02/13,1330565828.01
1397/02/14,1340032962.01
1397/02/15,1319832635.16
1397/02/16,1330135563.03
1397/02/17,1322736306.45
1397/02/18,1332115910.33
1397/02/19,1333818334.66
1397/02/20,1334711262.37
1397/02/21,1345298679.64
1397/02/22,1323439094.88
1397/02/23,1327291205.86
1397/02/24,1337684406.10
1397/02/25,1327264357.61
1397/02/26,1341807461.10
1397/02/27,1340469552.11
1397/02/28,1352360521.31
1397/02/29,1345750998.83
1397/02/30,1346937650.09
1397/02/31,1354469702.46
1397/03/01,1349875992.21
1397/03/02,1351072802.89
1397/03/03,1353868906.61
1397/03/04,1364552331.23
1397/03/05,1348028633.59
1397/03/06,1350295237.10
1397/03/07,1349097642.61
1397/03/08,1352376238.65
1397/03/09,1350799010.37
1397/03/10,1352919295.03
1397/03/11,1363848574.93
1397/03/12,1355017123.34
1397/03/13,1366445854.82
1397/03/14,1375477410.79
1397/03/15,1376022731.22
1397/03/16,1378678017.83
1397/03/17,1366469784.81
1397/03/18,1376255323.03
1397/03/19,1351369872.96
1397/03/20,1357753821.63
1397/03/21,1361736020.91
1397/03/22,1361836979.32
1397/03/23,1361730116.88
1397/03/24,1377324875.50
1397/03/25,1391584480.85
1397/03/26,1390046203.10
1397/03/27,1371055961.62
1397/03/28,1378718507.42
1397/03/29,1375493168.02
1397/03/30,1389776923.23
1397/03/31,1410545642.51
1397/04/01,1426280371.02
1397/04/02,1382544314.65
1397/04/03,1389557369.39
1397/04/04,1389995704.19
1397/04/05,1394912603.07
1397/04/06,1383927787.87
1397/04/07,1387490745.55
1397/04/08,1399084031.74
1397/04/09,1384445169.11
1397/04/10,1389069838.54
1397/04/11,1391520923.89
1397/04/12,1386764571.48
1397/04/13,1383665808.98
1397/04/14,1383520599.34
1397/04/15,1394377309.60
1397/04/16,1375000109.12
1397/04/17,1381812379.08
1397/04/18,1393682715.11
1397/04/19,1378461058.49
1397/04/20,1377109718.70
1397/04/21,1380883394.59
1397/04/22,1392121869.53
1397/04/23,1378134129.69
1397/04/24,1387781587.62
1397/04/25,1383515340.21
1397/04/26,1389954360.62
1397/04/27,1393501619.93
1397/04/28,1395490945.33
1397/04/29,1407786733.99
1397/04/30,1393464298.73
1397/04/31,1405175242.39
1397/05/01,1378250343.96
